{"cameraMode":{"drawMode":0,"name":"Shaded","section":"Shading Mode"},"sceneLighting":true,"audioPlay":false,"sceneViewState":{"showFog":true,"showMaterialUpdate":false,"showSkybox":true,"showFlares":true,"showImageEffects":true,"showParticleSystems":true},"in2DMode":false,"pivot":{"x":2.128451347351074,"y":1.0327551364898682,"z":0.7410755157470703},"rotation":{"x":-0.001497164135798812,"y":0.06146117299795151,"z":0.0000921918690437451,"w":0.9981083273887634},"size":17.541059494018556,"orthographic":false}