{"cameraMode":{"drawMode":0,"name":"Shaded","section":"Shading Mode"},"sceneLighting":true,"audioPlay":false,"sceneViewState":{"showFog":true,"showMaterialUpdate":false,"showSkybox":true,"showFlares":true,"showImageEffects":true,"showParticleSystems":true},"in2DMode":false,"pivot":{"x":0.17330873012542725,"y":0.9849481582641602,"z":0.8615398406982422},"rotation":{"x":0.10928019881248474,"y":0.0044729262590408329,"z":-0.0004917541518807411,"w":0.994001030921936},"size":10.29483699798584,"orthographic":false}